match_id,left,right,seed,winner,end_reason,turns
jev_vs_decisions_s00,jev,decisions,0,jev,ko,16
jev_vs_decisions_s00_swap,decisions,jev,0,decisions,ko,23
jev_vs_decisions_s01,jev,decisions,1,decisions,ko,20
jev_vs_decisions_s01_swap,decisions,jev,1,decisions,ko,20
jev_vs_decisions_s02,jev,decisions,2,decisions,ko,21
jev_vs_decisions_s02_swap,decisions,jev,2,decisions,ko,25
jev_vs_decisions_s03,jev,decisions,3,decisions,ko,20
jev_vs_decisions_s03_swap,decisions,jev,3,decisions,ko,26
jev_vs_decisions_s04,jev,decisions,4,decisions,ko,26
jev_vs_decisions_s04_swap,decisions,jev,4,decisions,ko,26
jev_vs_decisions_s06,jev,decisions,6,decisions,ko,19
jev_vs_decisions_s08_swap,decisions,jev,8,decisions,ko,21
jev_vs_decisions_s08,jev,decisions,8,decisions,ko,23
jev_vs_decisions_s06_swap,decisions,jev,6,decisions,ko,25
jev_vs_decisions_s05,jev,decisions,5,decisions,ko,26
jev_vs_decisions_s07_swap,decisions,jev,7,decisions,ko,26
jev_vs_decisions_s07,jev,decisions,7,decisions,ko,26
jev_vs_decisions_s05_swap,decisions,jev,5,decisions,ko,29
jev_vs_decisions_s11_swap,decisions,jev,11,decisions,ko,15
jev_vs_decisions_s10,jev,decisions,10,draw,ko,20
jev_vs_decisions_s09,jev,decisions,9,decisions,ko,26
jev_vs_decisions_s09_swap,decisions,jev,9,decisions,ko,25
jev_vs_decisions_s10_swap,decisions,jev,10,decisions,ko,25
jev_vs_decisions_s11,jev,decisions,11,decisions,ko,26
jev_vs_decisions_s12,jev,decisions,12,decisions,ko,27
jev_vs_decisions_s13,jev,decisions,13,decisions,ko,17
jev_vs_decisions_s13_swap,decisions,jev,13,draw,ko,17
jev_vs_decisions_s12_swap,decisions,jev,12,decisions,ko,28
jev_vs_decisions_s14_swap,decisions,jev,14,draw,ko,15
jev_vs_decisions_s14,jev,decisions,14,decisions,ko,21
jev_vs_decisions_s15,jev,decisions,15,draw,ko,17
jev_vs_decisions_s17,jev,decisions,17,jev,ko,15
jev_vs_decisions_s18,jev,decisions,18,decisions,ko,15
jev_vs_decisions_s16,jev,decisions,16,decisions,ko,22
jev_vs_decisions_s16_swap,decisions,jev,16,decisions,ko,21
jev_vs_decisions_s15_swap,decisions,jev,15,decisions,ko,26
jev_vs_decisions_s17_swap,decisions,jev,17,decisions,ko,24
jev_vs_decisions_s19,jev,decisions,19,decisions,ko,21
jev_vs_decisions_s20_swap,decisions,jev,20,decisions,ko,12
jev_vs_decisions_s20,jev,decisions,20,decisions,ko,15
jev_vs_decisions_s19_swap,decisions,jev,19,decisions,ko,18
jev_vs_decisions_s18_swap,decisions,jev,18,decisions,ko,26
jev_vs_decisions_s21_swap,decisions,jev,21,jev,ko,15
jev_vs_decisions_s21,jev,decisions,21,decisions,ko,16
jev_vs_decisions_s22,jev,decisions,22,decisions,ko,23
jev_vs_decisions_s24,jev,decisions,24,jev,ko,17
jev_vs_decisions_s22_swap,decisions,jev,22,decisions,ko,19
jev_vs_decisions_s23_swap,decisions,jev,23,decisions,ko,21
jev_vs_decisions_s25_swap,decisions,jev,25,jev,ko,17
jev_vs_decisions_s24_swap,decisions,jev,24,decisions,ko,21
jev_vs_decisions_s23,jev,decisions,23,decisions,ko,25
jev_vs_decisions_s25,jev,decisions,25,decisions,ko,22
jev_vs_decisions_s26,jev,decisions,26,jev,ko,15
jev_vs_decisions_s26_swap,decisions,jev,26,decisions,ko,15
jev_vs_decisions_s28_swap,decisions,jev,28,draw,ko,15
jev_vs_decisions_s29_swap,decisions,jev,29,draw,ko,12
jev_vs_decisions_s27,jev,decisions,27,decisions,ko,22
jev_vs_decisions_s30_swap,decisions,jev,30,decisions,ko,11
jev_vs_decisions_s30,jev,decisions,30,jev,ko,15
jev_vs_decisions_s27_swap,decisions,jev,27,decisions,ko,25
jev_vs_decisions_s28,jev,decisions,28,decisions,ko,23
jev_vs_decisions_s29,jev,decisions,29,decisions,ko,25
jev_vs_decisions_s31,jev,decisions,31,decisions,ko,18
jev_vs_decisions_s31_swap,decisions,jev,31,decisions,ko,19
jev_vs_decisions_s32,jev,decisions,32,decisions,ko,18
jev_vs_decisions_s33,jev,decisions,33,draw,ko,18
jev_vs_decisions_s32_swap,decisions,jev,32,decisions,ko,23
jev_vs_decisions_s33_swap,decisions,jev,33,draw,ko,20
jev_vs_decisions_s35,jev,decisions,35,draw,ko,16
jev_vs_decisions_s34,jev,decisions,34,decisions,ko,27
jev_vs_decisions_s34_swap,decisions,jev,34,decisions,ko,26
jev_vs_decisions_s36_swap,decisions,jev,36,jev,ko,15
jev_vs_decisions_s36,jev,decisions,36,decisions,ko,27
jev_vs_decisions_s35_swap,decisions,jev,35,decisions,ko,26
jev_vs_decisions_s38_swap,decisions,jev,38,decisions,ko,16
jev_vs_decisions_s37_swap,decisions,jev,37,decisions,ko,24
jev_vs_decisions_s37,jev,decisions,37,decisions,ko,26
jev_vs_decisions_s38,jev,decisions,38,decisions,ko,26
jev_vs_decisions_s39,jev,decisions,39,decisions,ko,25
jev_vs_decisions_s39_swap,decisions,jev,39,decisions,ko,26
jev_vs_decisions_s41,jev,decisions,41,draw,ko,18
jev_vs_decisions_s40_swap,decisions,jev,40,decisions,ko,22
jev_vs_decisions_s42,jev,decisions,42,decisions,ko,18
jev_vs_decisions_s40,jev,decisions,40,decisions,ko,25
jev_vs_decisions_s41_swap,decisions,jev,41,decisions,ko,25
jev_vs_decisions_s42_swap,decisions,jev,42,decisions,ko,21
jev_vs_decisions_s43,jev,decisions,43,decisions,ko,18
jev_vs_decisions_s43_swap,decisions,jev,43,decisions,ko,24
jev_vs_decisions_s44_swap,decisions,jev,44,decisions,ko,20
jev_vs_decisions_s45,jev,decisions,45,decisions,ko,18
jev_vs_decisions_s44,jev,decisions,44,decisions,ko,23
jev_vs_decisions_s45_swap,decisions,jev,45,decisions,ko,26
jev_vs_decisions_s47,jev,decisions,47,decisions,ko,21
jev_vs_decisions_s46,jev,decisions,46,decisions,ko,25
jev_vs_decisions_s46_swap,decisions,jev,46,decisions,ko,28
jev_vs_decisions_s47_swap,decisions,jev,47,decisions,ko,19
jev_vs_decisions_s48_swap,decisions,jev,48,decisions,ko,23
jev_vs_decisions_s48,jev,decisions,48,decisions,ko,27
jev_vs_decisions_s49,jev,decisions,49,decisions,ko,25
jev_vs_decisions_s49_swap,decisions,jev,49,decisions,ko,26
jev_vs_rule_s03,jev,rule,3,rule,ko,21
jev_vs_rule_s03_swap,rule,jev,3,rule,ko,21
jev_vs_rule_s01,jev,rule,1,rule,ko,20
jev_vs_rule_s00,jev,rule,0,rule,ko,24
jev_vs_rule_s00_swap,rule,jev,0,rule,ko,22
jev_vs_rule_s02,jev,rule,2,rule,ko,24
jev_vs_rule_s02_swap,rule,jev,2,rule,ko,27
jev_vs_rule_s01_swap,rule,jev,1,rule,ko,27
jev_vs_rule_s05_swap,rule,jev,5,rule,ko,24
jev_vs_rule_s04,jev,rule,4,rule,ko,27
jev_vs_rule_s05,jev,rule,5,rule,ko,26
jev_vs_rule_s04_swap,rule,jev,4,rule,ko,27
jev_vs_rule_s06,jev,rule,6,rule,ko,27
jev_vs_rule_s06_swap,rule,jev,6,rule,ko,27
jev_vs_rule_s07,jev,rule,7,rule,ko,27
jev_vs_rule_s07_swap,rule,jev,7,rule,ko,28
jev_vs_rule_s08,jev,rule,8,rule,ko,26
jev_vs_rule_s08_swap,rule,jev,8,rule,ko,27
jev_vs_rule_s11,jev,rule,11,rule,ko,22
jev_vs_rule_s10,jev,rule,10,rule,ko,25
jev_vs_rule_s09_swap,rule,jev,9,rule,ko,25
jev_vs_rule_s09,jev,rule,9,rule,ko,27
jev_vs_rule_s10_swap,rule,jev,10,rule,ko,27
jev_vs_rule_s11_swap,rule,jev,11,rule,ko,26
jev_vs_rule_s14,jev,rule,14,rule,ko,24
jev_vs_rule_s12,jev,rule,12,rule,ko,28
jev_vs_rule_s13,jev,rule,13,rule,ko,27
jev_vs_rule_s12_swap,rule,jev,12,rule,ko,28
jev_vs_rule_s13_swap,rule,jev,13,rule,ko,27
jev_vs_rule_s14_swap,rule,jev,14,rule,ko,25
jev_vs_rule_s15_swap,rule,jev,15,rule,ko,22
jev_vs_rule_s15,jev,rule,15,rule,ko,29
jev_vs_rule_s16_swap,rule,jev,16,rule,ko,25
jev_vs_rule_s17,jev,rule,17,rule,ko,23
jev_vs_rule_s16,jev,rule,16,rule,ko,26
jev_vs_rule_s19_swap,rule,jev,19,rule,ko,24
jev_vs_rule_s17_swap,rule,jev,17,rule,ko,25
jev_vs_rule_s18_swap,rule,jev,18,rule,ko,25
jev_vs_rule_s18,jev,rule,18,rule,ko,26
jev_vs_rule_s19,jev,rule,19,rule,ko,25
jev_vs_rule_s20_swap,rule,jev,20,rule,ko,21
jev_vs_rule_s20,jev,rule,20,rule,ko,25
jev_vs_rule_s21_swap,rule,jev,21,rule,ko,26
jev_vs_rule_s21,jev,rule,21,rule,ko,27
jev_vs_rule_s22_swap,rule,jev,22,rule,ko,26
jev_vs_rule_s22,jev,rule,22,rule,ko,29
jev_vs_rule_s23,jev,rule,23,rule,ko,27
jev_vs_rule_s23_swap,rule,jev,23,rule,timeout,30
jev_vs_rule_s24,jev,rule,24,rule,ko,25
jev_vs_rule_s24_swap,rule,jev,24,rule,ko,28
decisions_vs_rule_s01,decisions,rule,1,rule,ko,12
decisions_vs_rule_s00_swap,rule,decisions,0,rule,ko,12
decisions_vs_rule_s00,decisions,rule,0,rule,ko,13
decisions_vs_rule_s03,decisions,rule,3,rule,ko,14
decisions_vs_rule_s02,decisions,rule,2,rule,ko,13
decisions_vs_rule_s02_swap,rule,decisions,2,rule,ko,15
decisions_vs_rule_s03_swap,rule,decisions,3,rule,ko,17
decisions_vs_rule_s01_swap,rule,decisions,1,rule,ko,15
decisions_vs_rule_s04_swap,rule,decisions,4,rule,ko,12
decisions_vs_rule_s04,decisions,rule,4,rule,ko,14
decisions_vs_rule_s06,decisions,rule,6,rule,ko,12
decisions_vs_rule_s05_swap,rule,decisions,5,rule,ko,14
decisions_vs_rule_s06_swap,rule,decisions,6,rule,ko,14
decisions_vs_rule_s05,decisions,rule,5,rule,ko,16
decisions_vs_rule_s07,decisions,rule,7,decisions,ko,14
decisions_vs_rule_s08,decisions,rule,8,rule,ko,13
decisions_vs_rule_s07_swap,rule,decisions,7,rule,ko,18
decisions_vs_rule_s08_swap,rule,decisions,8,rule,ko,12
decisions_vs_rule_s09_swap,rule,decisions,9,rule,ko,12
decisions_vs_rule_s10,decisions,rule,10,rule,ko,12
decisions_vs_rule_s09,decisions,rule,9,draw,ko,15
decisions_vs_rule_s10_swap,rule,decisions,10,rule,ko,15
decisions_vs_rule_s11,decisions,rule,11,rule,ko,14
decisions_vs_rule_s13,decisions,rule,13,rule,ko,10
decisions_vs_rule_s11_swap,rule,decisions,11,rule,ko,13
decisions_vs_rule_s12,decisions,rule,12,rule,ko,15
decisions_vs_rule_s12_swap,rule,decisions,12,rule,ko,13
decisions_vs_rule_s13_swap,rule,decisions,13,rule,ko,15
decisions_vs_rule_s14,decisions,rule,14,rule,ko,14
decisions_vs_rule_s14_swap,rule,decisions,14,rule,ko,14
decisions_vs_rule_s15,decisions,rule,15,rule,ko,17
decisions_vs_rule_s16_swap,rule,decisions,16,rule,ko,12
decisions_vs_rule_s15_swap,rule,decisions,15,rule,ko,14
decisions_vs_rule_s17,decisions,rule,17,rule,ko,13
decisions_vs_rule_s16,decisions,rule,16,rule,ko,17
decisions_vs_rule_s18_swap,rule,decisions,18,rule,ko,11
decisions_vs_rule_s17_swap,rule,decisions,17,draw,ko,15
decisions_vs_rule_s18,decisions,rule,18,rule,ko,15
decisions_vs_rule_s19,decisions,rule,19,rule,ko,14
decisions_vs_rule_s19_swap,rule,decisions,19,rule,ko,14
decisions_vs_rule_s20,decisions,rule,20,rule,ko,15
decisions_vs_rule_s20_swap,rule,decisions,20,rule,ko,15
decisions_vs_rule_s22,decisions,rule,22,rule,ko,12
decisions_vs_rule_s21,decisions,rule,21,rule,ko,16
decisions_vs_rule_s21_swap,rule,decisions,21,rule,ko,16
decisions_vs_rule_s22_swap,rule,decisions,22,rule,ko,16
decisions_vs_rule_s23,decisions,rule,23,rule,ko,15
decisions_vs_rule_s23_swap,rule,decisions,23,rule,ko,13
decisions_vs_rule_s24_swap,rule,decisions,24,rule,ko,13
decisions_vs_rule_s24,decisions,rule,24,draw,ko,16
jev_vs_random_s01_swap,random,jev,1,jev,flee,3
jev_vs_random_s03_swap,random,jev,3,jev,flee,4
jev_vs_random_s00,jev,random,0,jev,flee,4
jev_vs_random_s00_swap,random,jev,0,jev,ko,9
jev_vs_random_s03,jev,random,3,jev,flee,14
jev_vs_random_s01,jev,random,1,jev,ko,13
jev_vs_random_s02,jev,random,2,jev,flee,14
jev_vs_random_s04_swap,random,jev,4,jev,flee,11
jev_vs_random_s05,jev,random,5,jev,ko,13
jev_vs_random_s02_swap,random,jev,2,jev,flee,16
jev_vs_random_s05_swap,random,jev,5,random,ko,12
jev_vs_random_s04,jev,random,4,jev,ko,18
jev_vs_random_s08,jev,random,8,jev,flee,5
jev_vs_random_s09,jev,random,9,jev,flee,3
jev_vs_random_s09_swap,random,jev,9,jev,flee,3
jev_vs_random_s07_swap,random,jev,7,jev,flee,7
jev_vs_random_s06,jev,random,6,jev,ko,14
jev_vs_random_s07,jev,random,7,jev,ko,12
jev_vs_random_s08_swap,random,jev,8,jev,flee,8
jev_vs_random_s06_swap,random,jev,6,jev,ko,17
decisions_vs_random_s03,decisions,random,3,decisions,flee,1
decisions_vs_random_s02_swap,random,decisions,2,decisions,flee,3
decisions_vs_random_s01_swap,random,decisions,1,decisions,flee,5
decisions_vs_random_s01,decisions,random,1,decisions,flee,6
decisions_vs_random_s04,decisions,random,4,decisions,flee,7
decisions_vs_random_s00,decisions,random,0,decisions,ko,10
decisions_vs_random_s02,decisions,random,2,decisions,flee,12
decisions_vs_random_s04_swap,random,decisions,4,decisions,flee,9
decisions_vs_random_s03_swap,random,decisions,3,draw,ko,14
decisions_vs_random_s00_swap,random,decisions,0,decisions,ko,15
decisions_vs_random_s07,decisions,random,7,decisions,flee,3
decisions_vs_random_s06_swap,random,decisions,6,decisions,flee,6
decisions_vs_random_s05,decisions,random,5,decisions,flee,12
decisions_vs_random_s05_swap,random,decisions,5,decisions,ko,12
decisions_vs_random_s06,decisions,random,6,decisions,ko,11
decisions_vs_random_s08_swap,random,decisions,8,decisions,flee,5
decisions_vs_random_s09,decisions,random,9,decisions,flee,5
decisions_vs_random_s07_swap,random,decisions,7,decisions,flee,11
decisions_vs_random_s09_swap,random,decisions,9,decisions,ko,12
decisions_vs_random_s08,decisions,random,8,decisions,ko,16
